base,sub,ctmt,motivo,pct_tecnica_modelo,pct_total_medido,pct_nao_tecnica_implicita,GWh_injetado,GWh_faturado,ucs,cobertura,viola_limite,medida_degenerada,faturado_maior_que_injetado,declarado_pct,razao_vs_declarado,se_kv_mt,se_trafos,se_km_MT,se_alimentadores,se_convergiu,se_nos_nan,se_veredicto,se_V_MT_min,se_V_MT_mediana,se_barras_criticas,se_perdas_trafos_pct,se_n_linhas,se_ramos_isolados
COPELDIS2866,71080,832100009,modelo quebrado na SE: TENSAO_IMPLAUSIVEL[C-API:0.04],10309528.938,21.255,-10309507.683,6.905,5.4373,2921,48504286.1,True,False,False,0.5947428690536464,17334430.51516448,33.0,1557,680.22,1,True,0,TENSAO_IMPLAUSIVEL[C-API:0.04],0.038,0.038,7879,88.1,7927,53
COPELDIS2866,72100,806480010,perda modelada absurda: 832063.3%,832063.335,8.03,-832055.305,66.5989,61.2509,7947,10361573.0,True,False,False,,,34.5,3479,1849.15,12,True,0,OK,0.065,0.715,22358,18.3,27556,763
COPELDIS2866,72209,819200026,perda modelada absurda: 685398.9%,685398.878,5.89,-685392.988,89.2659,84.0081,1,11636506.5,True,False,False,,,34.5,4797,2103.09,10,True,0,OK,0.063,0.613,18658,20.9,25487,6126
COPELDIS2866,72650,849320009,perda modelada absurda: 292682.1%,292682.124,12.794,-292669.33,99.9163,87.1332,18215,2287687.2,True,False,False,,,34.5,3258,1345.95,11,True,0,OK,0.066,0.525,15045,38.4,20330,2025
COPELDIS2866,72194,813320042,modelo quebrado na SE: TENSAO_IMPLAUSIVEL[C-API:0.40],200946.032,12.886,-200933.146,61.8233,53.8566,8428,1559392.6,True,False,False,,,34.5,3272,1725.79,11,True,0,TENSAO_IMPLAUSIVEL[C-API:0.40],0.064,0.397,14252,26.5,24303,1976
COPELDIS2866,72570,831320008,perda modelada absurda: 101932.0%,101931.979,16.748,-101915.231,26.8787,22.3769,7211,608611.8,True,False,False,,,34.5,3439,2017.84,8,True,0,OK,0.065,0.898,20555,12.2,29133,2781
COPELDIS2866,72970,894080006,perda modelada absurda: 81773.1%,81773.123,13.379,-81759.744,40.0558,34.6968,8578,611209.0,True,False,False,,,34.5,7617,3839.05,14,True,0,OK,0.063,0.81,22773,52.9,51482,7212
COPELDIS2866,72560,830060015,denominador minusculo: 0.003 GWh injetados,57032.105,55.822,-56976.283,0.0027,0.0012,1,102167.6,True,False,False,,,34.5,5357,1503.5,10,True,0,OK,0.022,0.632,15465,33.8,27817,6814
COPELDIS2866,72582,838400014,perda modelada absurda: 41269.3%,41269.344,14.008,-41255.336,23.2951,20.032,5501,294612.7,True,False,False,,,34.5,7849,2940.82,13,True,0,OK,0.062,0.849,25300,29.1,37090,2492
COPELDIS2866,72209,819200029,medida quase sem perda: 2.71% total medido,40089.783,2.711,-40087.072,78.1046,75.9874,6504,1478947.1,True,False,False,,,34.5,4797,2103.09,10,True,0,OK,0.063,0.613,18658,20.9,25487,6126
COPELDIS2866,72300,820400008,perda modelada absurda: 32539.3%,32539.323,11.646,-32527.677,33.3433,29.4603,4156,279409.4,True,False,False,,,34.5,2527,1598.06,11,True,0,OK,0.065,0.841,16260,9.9,21707,2135
COPELDIS2866,72300,820400015,perda modelada absurda: 31162.0%,31162.042,5.716,-31156.326,9.0525,8.5351,1433,545166.4,True,False,False,,,34.5,2527,1598.06,11,True,0,OK,0.065,0.841,16260,9.9,21707,2135
COPELDIS2866,72080,803840005,perda modelada absurda: 26256.3%,26256.347,7.834,-26248.513,48.7344,44.9165,11325,335150.5,True,False,False,,,34.5,1857,1043.91,12,True,0,OK,0.072,0.768,8093,32.4,15483,408
COPELDIS2866,72190,806360006,perda modelada absurda: 25794.7%,25794.716,12.827,-25781.889,20.8955,18.2151,3874,201089.5,True,False,False,,,34.5,4478,2538.16,10,True,0,OK,0.064,0.921,17826,26.8,33625,668
COPELDIS2866,72857,874280005,perda modelada absurda: 23652.6%,23652.559,6.851,-23645.708,56.5998,52.7219,6744,345221.8,True,False,False,,,34.5,1573,617.78,13,True,0,OK,0.081,0.756,12018,52.1,12711,396
COPELDIS2866,71700,851480017,perda modelada absurda: 23400.2%,23400.238,3.416,-23396.822,90.8307,87.7282,22314,685071.1,True,False,False,,,34.5,3140,1253.56,17,True,0,OK,0.052,0.952,9668,15.1,25633,1110
COPELDIS2866,72360,821600009,modelo quebrado na SE: TENSAO_IMPLAUSIVEL[C-API:0.24],22973.459,17.441,-22956.018,40.8826,33.7524,7835,131723.4,True,False,False,,,34.5,3288,1993.18,12,True,0,TENSAO_IMPLAUSIVEL[C-API:0.24],0.053,0.236,18743,59.3,27539,870
COPELDIS2866,72970,894080011,perda modelada absurda: 22853.0%,22852.971,12.32,-22840.651,88.8285,77.8849,14749,185496.6,True,False,False,,,34.5,7617,3839.05,14,True,0,OK,0.063,0.81,22773,52.9,51482,7212
COPELDIS2866,72866,884720043,modelo quebrado na SE: TENSAO_IMPLAUSIVEL[C-API:0.23],21816.807,3.734,-21813.073,16.2585,15.6514,2026,584338.7,True,False,False,,,34.5,1127,382.24,8,True,0,TENSAO_IMPLAUSIVEL[C-API:0.23],0.117,0.234,6807,88.9,6989,193
COPELDIS2866,72190,806360009,perda modelada absurda: 19429.7%,19429.739,17.66,-19412.079,51.83,42.6766,4079,110018.3,True,False,False,,,34.5,4478,2538.16,10,True,0,OK,0.064,0.921,17826,26.8,33625,668
COPELDIS2866,71800,866960020,perda modelada absurda: 18629.6%,18629.564,9.751,-18619.813,5.974,5.3915,1043,191061.7,True,False,False,,,33.0,2329,1301.27,17,True,0,OK,0.084,0.968,9188,40.1,20939,14025
COPELDIS2866,72593,851480128,perda modelada absurda: 17359.5%,17359.476,13.252,-17346.224,45.2118,39.2202,8635,130993.2,True,False,False,,,34.5,2605,1253.41,11,True,0,OK,0.063,0.874,8635,47.0,23082,13977
COPELDIS2866,72856,872720015,perda modelada absurda: 17220.7%,17220.657,6.187,-17214.47,51.1304,47.9672,9849,278358.5,True,False,False,,,34.5,3313,1280.52,6,True,0,OK,0.089,0.94,10081,64.4,21933,5162
COPELDIS2866,72043,891440027,modelo quebrado na SE: TENSAO_IMPLAUSIVEL[C-API:0.10],16987.469,10.249,-16977.22,34.7726,31.2086,8388,165742.1,True,False,False,,,34.5,1570,1060.71,2,True,0,TENSAO_IMPLAUSIVEL[C-API:0.10],0.026,0.1,9355,55.1,11999,419
COPELDIS2866,72210,815840013,perda modelada absurda: 16644.1%,16644.127,14.324,-16629.803,56.2798,48.2183,8517,116197.1,True,False,False,,,34.5,5532,2766.87,13,True,0,OK,0.062,0.619,30937,56.2,40571,752
COPELDIS2866,72846,868880008,modelo quebrado na SE: TENSAO_IMPLAUSIVEL[C-API:0.24],15773.614,10.397,-15763.217,31.8003,28.4941,16200,151714.8,True,False,False,,,34.5,1385,374.41,6,True,0,TENSAO_IMPLAUSIVEL[C-API:0.24],0.073,0.235,10030,64.4,10352,321
COPELDIS2866,72194,813320041,modelo quebrado na SE: TENSAO_IMPLAUSIVEL[C-API:0.40],14528.474,14.267,-14514.207,71.8426,61.593,5948,101834.3,True,False,False,,,34.5,3272,1725.79,11,True,0,TENSAO_IMPLAUSIVEL[C-API:0.40],0.064,0.397,14252,26.5,24303,1976
COPELDIS2866,72686,856760042,perda modelada absurda: 13688.6%,13688.553,14.676,-13673.877,33.5991,28.6682,6548,93272.6,True,False,False,,,34.5,2181,1189.61,12,True,0,OK,0.145,0.959,4467,34.9,17792,15813
COPELDIS2866,71050,804920016,perda modelada absurda: 13309.4%,13309.378,7.749,-13301.629,76.4262,70.504,12025,171756.7,True,False,False,,,34.5,3875,1638.93,13,True,0,OK,0.061,0.716,23113,56.7,27196,1007
COPELDIS2866,72930,891800018,perda modelada absurda: 11811.2%,11811.241,6.543,-11804.698,22.1041,20.6578,3170,180514.3,True,False,False,,,34.5,3898,1505.89,18,True,0,OK,0.084,0.808,21963,13.8,24442,565
COPELDIS2866,72590,847640007,perda modelada absurda: 9468.0%,9468.034,13.045,-9454.989,99.4727,86.4965,16439,72580.1,True,False,False,,,34.5,7189,3965.99,12,True,0,OK,0.013,0.735,47727,21.2,55107,1086
COPELDIS2866,72850,871280012,modelo quebrado na SE: TENSAO_IMPLAUSIVEL[C-API:0.27],8753.13,15.392,-8737.738,22.6201,19.1384,4872,56868.5,True,False,False,,,34.5,14897,6018.88,16,True,0,TENSAO_IMPLAUSIVEL[C-API:0.27],0.05,0.265,50298,21.3,75859,1022
COPELDIS2866,72846,868880007,modelo quebrado na SE: TENSAO_IMPLAUSIVEL[C-API:0.24],8621.42,14.002,-8607.418,56.4569,48.5515,21958,61570.8,True,False,False,,,34.5,1385,374.41,6,True,0,TENSAO_IMPLAUSIVEL[C-API:0.24],0.073,0.235,10030,64.4,10352,321
COPELDIS2866,72205,815480008,perda modelada absurda: 8314.4%,8314.42,10.657,-8303.763,16.3761,14.6308,4134,78015.0,True,False,False,,,34.5,1757,733.05,11,True,0,OK,0.033,0.88,11056,61.9,11506,376
COPELDIS2866,72210,815840010,perda modelada absurda: 8274.5%,8274.511,9.738,-8264.773,84.2792,76.0725,17253,84974.9,True,False,False,,,34.5,5532,2766.87,13,True,0,OK,0.062,0.619,30937,56.2,40571,752
COPELDIS2866,72410,829640005,perda modelada absurda: 6975.7%,6975.688,12.188,-6963.5,15.9237,13.9829,4297,57232.2,True,False,False,,,34.5,5329,2832.21,10,True,0,OK,0.079,0.583,27450,9.1,31761,565
COPELDIS2866,72240,818000004,perda modelada absurda: 6741.0%,6741.015,10.51,-6730.505,40.5166,36.2584,8271,64140.3,True,False,False,,,34.5,7652,3307.35,15,True,0,OK,0.063,1.009,12019,11.0,40944,55517
COPELDIS2866,72593,851480127,perda modelada absurda: 6669.2%,6669.168,13.567,-6655.601,84.5699,73.0961,18914,49156.4,True,False,False,,,34.5,2605,1253.41,11,True,0,OK,0.063,0.874,8635,47.0,23082,13977
COPELDIS2866,72360,821600010,modelo quebrado na SE: TENSAO_IMPLAUSIVEL[C-API:0.24],6439.23,9.764,-6429.466,17.7166,15.9867,4393,65947.6,True,False,False,,,34.5,3288,1993.18,12,True,0,TENSAO_IMPLAUSIVEL[C-API:0.24],0.053,0.236,18743,59.3,27539,870
COPELDIS2866,72762,845000046,modelo quebrado na SE: TENSAO_IMPLAUSIVEL[C-API:0.19],5347.72,2.143,-5345.577,46.125,45.1366,4666,249559.2,True,False,False,,,34.5,3653,1481.31,9,True,0,TENSAO_IMPLAUSIVEL[C-API:0.19],0.062,0.182,8256,13.1,19100,533
COPELDIS2866,72020,802400005,medida quase sem perda: 2.62% total medido,4481.429,2.615,-4478.814,86.1698,83.9167,7972,171394.5,True,False,False,,,34.5,5549,2625.16,8,True,0,OK,0.064,0.965,16457,13.2,33851,574
COPELDIS2866,72152,809600003,perda modelada absurda: 4477.9%,4477.933,17.246,-4460.687,42.3753,35.0674,6663,25965.4,True,False,False,,,34.5,3142,1824.81,8,True,0,OK,0.082,0.665,22055,54.4,25059,2296
COPELDIS2866,72868,889160008,perda modelada absurda: 4338.2%,4338.178,16.116,-4322.062,10.2581,8.6049,2912,26918.2,True,False,False,,,34.5,6202,2767.94,10,True,0,OK,0.134,0.899,22964,10.2,31570,733
COPELDIS2866,71730,862880009,perda modelada absurda: 3375.1%,3375.138,12.413,-3362.725,14.8144,12.9755,2947,27190.4,True,False,False,,,34.5,7493,3249.08,19,True,0,OK,0.063,0.789,27156,19.2,41287,631
COPELDIS2866,72010,802640003,perda modelada absurda: 3359.7%,3359.731,16.737,-3342.994,33.1288,27.5838,7642,20073.1,True,False,False,,,34.5,2756,1795.27,8,True,0,OK,0.068,0.817,9457,19.2,23362,24078
COPELDIS2866,72988,835760015,perda modelada absurda: 3308.0%,3308.022,6.839,-3301.183,16.5801,15.4461,3499,48369.6,True,False,False,,,34.5,1555,1227.02,16,True,0,OK,0.561,0.571,9522,67.4,10879,1251
COPELDIS2866,72647,849080005,perda modelada absurda: 3289.8%,3289.824,15.725,-3274.099,27.1925,22.9165,6875,20921.2,True,False,False,,,34.5,4355,2657.6,7,True,0,OK,0.24,0.793,22150,72.0,26770,3241
COPELDIS2866,72290,819320008,perda modelada absurda: 3252.9%,3252.943,9.718,-3243.225,73.9219,66.7382,9220,33473.7,True,False,False,,,34.5,7031,3217.56,17,True,0,OK,0.07,0.955,21079,34.8,45242,14929
COPELDIS2866,72988,835760012,denominador minusculo: 0.001 GWh injetados,3071.786,12.436,-3059.35,0.0012,0.0011,1,24701.5,True,False,False,,,34.5,1555,1227.02,16,True,0,OK,0.561,0.571,9522,67.4,10879,1251
COPELDIS2866,74565,815840015,modelo quebrado na SE: TENSAO_IMPLAUSIVEL[C-API:0.19],2673.217,13.328,-2659.889,49.1229,42.5759,13090,20057.4,True,False,False,,,34.5,3282,1691.88,2,True,0,TENSAO_IMPLAUSIVEL[C-API:0.19],0.026,0.032,14407,12.1,16927,2965
COPELDIS2866,72211,891800031,perda modelada absurda: 2564.7%,2564.715,18.472,-2546.243,48.7792,39.7687,2419,13884.4,True,False,False,,,34.5,3337,1339.14,13,True,0,OK,0.165,0.891,14919,14.8,23041,23545
COPELDIS2866,72836,864680007,modelo quebrado na SE: TENSAO_IMPLAUSIVEL[C-API:0.30],2512.111,13.744,-2498.367,44.1272,38.0623,13902,18277.9,True,False,False,,,34.5,5774,1696.43,7,True,0,TENSAO_IMPLAUSIVEL[C-API:0.30],0.235,0.291,26060,73.2,28644,585
COPELDIS2866,72576,836000043,perda modelada absurda: 2395.4%,2395.445,15.452,-2379.993,18.9885,16.0544,7669,15502.7,True,False,False,,,34.5,1209,348.6,9,True,0,OK,0.291,0.855,8403,34.6,9609,353
COPELDIS2866,72964,893840009,perda modelada absurda: 2182.0%,2182.042,13.349,-2168.693,21.3017,18.458,4928,16345.5,True,False,False,,,34.5,5450,3339.63,11,True,0,OK,0.058,0.798,23584,15.6,37646,1856
COPELDIS2866,72823,860360019,perda modelada absurda: 1900.5%,1900.458,6.697,-1893.761,31.6369,29.5181,2058,28377.4,True,False,False,,,34.5,3854,1643.34,11,True,0,OK,0.131,0.914,17748,31.1,23502,423
COPELDIS2866,72964,893840018,perda modelada absurda: 1777.6%,1777.63,17.599,-1760.031,57.6803,47.5292,14097,10100.8,True,False,False,,,34.5,5450,3339.63,11,True,0,OK,0.058,0.798,23584,15.6,37646,1856
COPELDIS2866,72209,819200033,denominador minusculo: 0.008 GWh injetados,1656.013,82.451,-1573.562,0.0081,0.0014,2,2008.5,True,False,False,,,34.5,4797,2103.09,10,True,0,OK,0.063,0.613,18658,20.9,25487,6126
COPELDIS2866,72850,871280016,modelo quebrado na SE: TENSAO_IMPLAUSIVEL[C-API:0.27],1607.37,14.016,-1593.354,36.2695,31.1861,6077,11468.5,True,False,False,,,34.5,14897,6018.88,16,True,0,TENSAO_IMPLAUSIVEL[C-API:0.27],0.05,0.265,50298,21.3,75859,1022
COPELDIS2866,72589,846440009,perda modelada absurda: 1381.9%,1381.924,15.533,-1366.391,16.4908,13.9293,4614,8896.6,True,False,False,,,34.5,8076,3277.19,11,True,0,OK,0.078,0.702,35286,11.5,45051,707
COPELDIS2866,74881,883160019,perda modelada absurda: 1128.8%,1128.755,14.973,-1113.782,29.807,25.3441,10209,7538.8,True,False,False,,,34.5,2708,982.69,2,True,0,OK,0.061,0.617,7381,10.3,14689,215
COPELDIS2866,72762,845000045,modelo quebrado na SE: TENSAO_IMPLAUSIVEL[C-API:0.19],1068.818,17.694,-1051.124,35.5199,29.2349,9463,6040.5,True,False,False,,,34.5,3653,1481.31,9,True,0,TENSAO_IMPLAUSIVEL[C-API:0.19],0.062,0.182,8256,13.1,19100,533
COPELDIS2866,72800,852800008,modelo quebrado na SE: NAO_CONVERGE[C-API:500],1000.353,11.348,-989.005,37.9508,33.644,3297,8815.1,True,False,False,,,34.5,3434,1269.12,15,False,0,NAO_CONVERGE[C-API:500],0.564,0.953,8381,27.5,20781,9998
COPELDIS2866,72578,833360005,perda modelada absurda: 719.6%,719.64,8.722,-710.918,24.7845,22.6228,3675,8251.0,True,False,False,,,34.5,3593,2206.67,10,True,0,OK,0.135,0.801,25290,30.0,27172,491
COPELDIS2866,71730,862880007,perda modelada absurda: 684.8%,684.76,15.803,-668.957,65.8944,55.4812,8299,4333.1,True,False,False,,,34.5,7493,3249.08,19,True,0,OK,0.063,0.789,27156,19.2,41287,631
COPELDIS2866,72593,851480126,denominador minusculo: 0.007 GWh injetados,619.371,9.13,-610.241,0.0071,0.0064,2,6784.1,True,False,False,,,34.5,2605,1253.41,11,True,0,OK,0.063,0.874,8635,47.0,23082,13977
COPELDIS2866,72371,890600019,perda modelada absurda: 580.1%,580.141,17.607,-562.534,32.0497,26.4065,11426,3294.9,True,False,False,,,34.5,7703,3596.53,7,True,0,OK,0.061,0.935,28857,21.1,42363,54444
COPELDIS2866,72212,819800007,perda modelada absurda: 578.4%,578.384,3.053,-575.331,29.4377,28.5389,5659,18943.1,True,False,False,,,34.5,2206,632.44,6,True,0,OK,0.398,0.862,8417,19.9,13846,4821
COPELDIS2866,72152,809600001,perda modelada absurda: 509.2%,509.174,15.109,-494.065,14.5625,12.3623,1592,3370.1,True,False,False,,,34.5,3142,1824.81,8,True,0,OK,0.082,0.665,22055,54.4,25059,2296
COPELDIS2866,72970,894080010,perda modelada absurda: 498.4%,498.424,15.88,-482.544,54.4836,45.8314,11667,3138.6,True,False,False,,,34.5,7617,3839.05,14,True,0,OK,0.063,0.81,22773,52.9,51482,7212
COPELDIS2866,71800,866960016,perda modelada absurda: 477.9%,477.948,8.206,-469.742,84.087,77.1866,8932,5824.2,True,False,False,,,33.0,2329,1301.27,17,True,0,OK,0.084,0.968,9188,40.1,20939,14025
COPELDIS2866,72080,803840002,perda modelada absurda: 326.8%,326.774,8.677,-318.097,9.821,8.9688,1801,3765.8,True,False,False,0.851543577865142,383.743132464503,34.5,1857,1043.91,12,True,0,OK,0.072,0.768,8093,32.4,15483,408
COPELDIS2866,72201,887750005,denominador minusculo: 0.002 GWh injetados,275.015,72.052,-202.963,0.002,0.0005,1,381.7,True,False,False,2.456652533201412,111.9470483852315,34.5,5185,2896.17,12,True,0,OK,0.718,0.795,25250,7.8,31083,334
COPELDIS2866,72095,806240021,perda modelada absurda: 259.4%,259.36,14.18,-245.18,42.3873,36.3769,13867,1829.1,True,False,False,,,34.5,3208,1777.81,9,True,0,OK,0.172,0.806,19103,57.6,20862,431
COPELDIS2866,72840,866360009,perda modelada absurda: 217.0%,216.962,12.395,-204.567,10.3519,9.0688,3873,1750.4,True,False,False,,,34.5,10595,5073.09,14,True,0,OK,0.033,0.548,48021,2.6,49844,2551
COPELDIS2866,72240,818000013,denominador minusculo: 0.141 GWh injetados,215.762,4.491,-211.271,0.1408,0.1344,47,4803.8,True,False,False,,,34.5,7652,3307.35,15,True,0,OK,0.063,1.009,12019,11.0,40944,55517
COPELDIS2866,71050,804920012,perda modelada absurda: 191.4%,191.441,5.046,-186.395,40.3357,38.3005,2917,3794.2,True,False,False,,,34.5,3875,1638.93,13,True,0,OK,0.061,0.716,23113,56.7,27196,1007
COPELDIS2866,72590,847640004,perda modelada absurda: 153.5%,153.459,13.318,-140.141,75.9081,65.7986,9119,1152.3,True,False,False,,,34.5,7189,3965.99,12,True,0,OK,0.013,0.735,47727,21.2,55107,1086
COPELDIS2866,72770,846680008,modelo quebrado na SE: NAO_CONVERGE[C-API:500],151.704,10.492,-141.212,14.1821,12.6941,4171,1445.9,True,False,False,,,34.5,13045,6975.05,16,False,0,NAO_CONVERGE[C-API:500],0.025,0.769,67768,2.5,69720,653
COPELDIS2866,71700,851480021,perda modelada absurda: 145.3%,145.312,14.494,-130.818,63.4061,54.2158,14887,1002.5,True,False,False,,,34.5,3140,1253.56,17,True,0,OK,0.052,0.952,9668,15.1,25633,1110
COPELDIS2866,72410,829640004,perda modelada absurda: 134.7%,134.748,11.752,-122.996,10.6371,9.387,2615,1146.6,True,False,False,,,34.5,5329,2832.21,10,True,0,OK,0.079,0.583,27450,9.1,31761,565
COPELDIS2866,72899,805160031,perda modelada absurda: 123.0%,122.984,6.488,-116.496,25.8177,24.1426,1727,1895.5,True,False,False,2.4970726259943916,49.2512707559016,13.8,1114,301.39,14,True,0,OK,0.586,0.644,5148,15.9,7497,344
COPELDIS2866,72573,832400008,perda modelada absurda: 82.6%,82.562,12.724,-69.838,55.8524,48.746,9953,648.9,True,False,False,,,34.5,10481,4021.63,16,True,0,OK,0.811,0.945,19852,14.4,47901,707
COPELDIS2866,72582,838400007,perda modelada absurda: 67.6%,67.577,9.404,-58.173,1.5706,1.4229,186,718.6,True,False,False,,,34.5,7849,2940.82,13,True,0,OK,0.062,0.849,25300,29.1,37090,2492
COPELDIS2866,74881,883160015,denominador minusculo: 0.106 GWh injetados,58.139,42.683,-15.456,0.1058,0.0607,50,136.2,True,False,False,,,34.5,2708,982.69,2,True,0,OK,0.061,0.617,7381,10.3,14689,215
COPELDIS2866,74699,870200009,perda modelada absurda: 55.5%,55.536,15.695,-39.841,15.1739,12.7924,3822,353.8,True,False,False,,,34.5,3905,1301.55,13,True,0,OK,0.329,0.833,20563,36.7,25177,746
COPELDIS2866,72578,833360006,perda modelada absurda: 47.5%,47.543,14.797,-32.746,42.2004,35.9561,11202,321.3,True,False,False,,,34.5,3593,2206.67,10,True,0,OK,0.135,0.801,25290,30.0,27172,491
COPELDIS2866,72655,850280017,medida quase sem perda: 2.30% total medido,45.346,2.3,-43.046,74.3408,72.6307,4836,1971.2,True,False,False,,,34.5,5548,2179.11,18,True,0,OK,0.05,0.745,19420,38.4,34523,772
COPELDIS2866,71400,830600010,perda modelada absurda: 44.3%,44.254,10.094,-34.16,41.2148,37.0547,8423,438.4,True,False,False,,,13.2,4205,2292.9,7,True,0,OK,0.014,0.833,19092,20.0,26102,30172
COPELDIS2866,72152,809600002,perda modelada absurda: 44.1%,44.067,12.321,-31.746,23.4844,20.5908,5873,357.6,True,False,False,,,34.5,3142,1824.81,8,True,0,OK,0.082,0.665,22055,54.4,25059,2296
COPELDIS2866,72850,871280008,modelo quebrado na SE: TENSAO_IMPLAUSIVEL[C-API:0.27],41.056,13.83,-27.226,45.2486,38.9908,5196,296.9,True,False,False,,,34.5,14897,6018.88,16,True,0,TENSAO_IMPLAUSIVEL[C-API:0.27],0.05,0.265,50298,21.3,75859,1022
COPELDIS2866,72590,847640006,perda modelada absurda: 36.6%,36.647,15.754,-20.893,35.3913,29.8157,5379,232.6,True,False,False,,,34.5,7189,3965.99,12,True,0,OK,0.013,0.735,47727,21.2,55107,1086
COPELDIS2866,72150,807560006,perda modelada absurda: 35.7%,35.675,17.953,-17.722,39.6438,32.5266,12465,198.7,True,False,False,,,34.5,2916,1498.31,11,True,0,OK,0.644,0.895,11634,35.4,18539,429
COPELDIS2866,72989,850280024,perda modelada absurda: 35.4%,35.378,15.349,-20.029,65.9839,55.8563,5298,230.5,True,False,False,,,34.5,1642,651.44,9,True,0,OK,0.396,0.967,5599,28.8,11080,7664
COPELDIS2866,72589,846440005,perda modelada absurda: 35.3%,35.277,12.672,-22.605,23.1945,20.2552,7475,278.4,True,False,False,,,34.5,8076,3277.19,11,True,0,OK,0.078,0.702,35286,11.5,45051,707
COPELDIS2866,72868,889160005,perda modelada absurda: 34.3%,34.334,12.79,-21.544,42.0532,36.6744,12823,268.4,True,False,False,,,34.5,6202,2767.94,10,True,0,OK,0.134,0.899,22964,10.2,31570,733
COPELDIS2866,72856,872720014,perda modelada absurda: 33.8%,33.846,21.654,-12.192,7.992,6.2614,4052,156.3,True,False,False,,,34.5,3313,1280.52,6,True,0,OK,0.089,0.94,10081,64.4,21933,5162
COPELDIS2866,72220,817760018,denominador minusculo: 0.050 GWh injetados,33.598,22.721,-10.877,0.0498,0.0385,4,147.9,True,False,False,,,34.5,4056,1760.24,17,True,0,OK,0.978,1.009,354,39.6,27288,14813
COPELDIS2866,74050,805880009,perda modelada absurda: 32.6%,32.626,17.728,-14.898,34.5311,28.4093,8698,184.0,True,False,False,,,34.5,3956,1099.56,13,True,0,OK,0.527,0.94,7992,52.5,21140,866
COPELDIS2866,72590,847640005,perda modelada absurda: 32.4%,32.373,17.816,-14.557,62.2699,51.1762,10276,181.7,True,False,False,,,34.5,7189,3965.99,12,True,0,OK,0.013,0.735,47727,21.2,55107,1086
COPELDIS2866,72583,839720009,perda modelada absurda: 32.0%,32.018,16.303,-15.715,16.661,13.9448,4941,196.4,True,False,False,,,34.5,8612,3507.64,15,True,0,OK,0.653,0.945,20699,33.7,43900,45954
COPELDIS2866,72210,815840021,perda modelada absurda: 30.5%,30.516,17.26,-13.256,39.3192,32.5328,8908,176.8,True,False,False,,,34.5,5532,2766.87,13,True,0,OK,0.062,0.619,30937,56.2,40571,752
COPELDIS2866,72994,869720006,perda modelada absurda: 28.9%,28.872,20.157,-8.715,3.6721,2.932,1780,143.2,True,False,False,,,34.5,5946,2206.9,8,True,0,OK,0.883,0.952,13358,73.0,26246,1263
COPELDIS2866,72210,815840011,perda modelada absurda: 28.1%,28.055,7.0,-21.055,25.3464,23.572,7057,400.8,True,False,False,,,34.5,5532,2766.87,13,True,0,OK,0.062,0.619,30937,56.2,40571,752
COPELDIS2866,72583,839720014,perda modelada absurda: 27.1%,27.05,13.035,-14.015,27.2449,23.6934,6019,207.5,True,False,False,,,34.5,8612,3507.64,15,True,0,OK,0.653,0.945,20699,33.7,43900,45954
COPELDIS2866,72826,894320029,perda modelada absurda: 27.0%,26.97,18.822,-8.148,1.4131,1.1472,608,143.3,True,False,False,,,34.5,7698,2378.31,13,True,0,OK,0.367,1.004,8044,15.6,33083,11990
COPELDIS2866,72995,832160023,perda modelada absurda: 26.7%,26.678,3.26,-23.418,15.6162,15.1071,1363,818.3,True,False,False,0.5599449372988117,47.643970367328144,13.8,1737,268.41,19,True,0,OK,0.805,0.861,10242,60.8,10856,614
COPELDIS2866,72010,802640004,perda modelada absurda: 26.2%,26.236,15.357,-10.879,28.3692,24.0125,6187,170.8,True,False,False,,,34.5,2756,1795.27,8,True,0,OK,0.068,0.817,9457,19.2,23362,24078
COPELDIS2866,72646,854000007,denominador minusculo: 0.107 GWh injetados,25.989,20.444,-5.545,0.1067,0.0849,27,127.1,True,False,False,,,34.5,2078,604.84,7,True,0,OK,0.87,0.956,2685,54.1,11886,346
COPELDIS2866,72991,894080022,perda modelada absurda: 26.0%,25.986,15.364,-10.622,57.0506,48.2854,9566,169.1,True,False,False,,,34.5,4207,2130.97,13,True,0,OK,0.384,0.932,14713,29.5,30129,951
COPELDIS2866,72583,839720015,perda modelada absurda: 25.6%,25.633,6.777,-18.856,24.8248,23.1423,6389,378.2,True,False,False,,,34.5,8612,3507.64,15,True,0,OK,0.653,0.945,20699,33.7,43900,45954
COPELDIS2866,72410,829640011,perda modelada absurda: 24.2%,24.17,10.161,-14.009,70.1267,63.0012,11602,237.9,True,False,False,,,34.5,5329,2832.21,10,True,0,OK,0.079,0.583,27450,9.1,31761,565
COPELDIS2866,71050,804920014,perda modelada absurda: 24.1%,24.091,13.702,-10.389,46.6458,40.2546,7922,175.8,True,False,False,,,34.5,3875,1638.93,13,True,0,OK,0.061,0.716,23113,56.7,27196,1007
COPELDIS2866,72100,806480007,perda modelada absurda: 23.4%,23.401,9.695,-13.706,47.5505,42.9405,4732,241.4,True,False,False,,,34.5,3479,1849.15,12,True,0,OK,0.065,0.715,22358,18.3,27556,763
COPELDIS2866,72300,820400009,perda modelada absurda: 23.2%,23.198,17.463,-5.735,47.1274,38.8975,8328,132.8,True,False,False,,,34.5,2527,1598.06,11,True,0,OK,0.065,0.841,16260,9.9,21707,2135
COPELDIS2866,71800,866960068,perda modelada absurda: 23.2%,23.163,7.909,-15.254,0.8225,0.7575,24,292.9,True,False,False,,,33.0,2329,1301.27,17,True,0,OK,0.084,0.968,9188,40.1,20939,14025
COPELDIS2866,71480,843080003,no limite: modelo 1.10x o total medido,21.799,19.902,-1.897,0.6767,0.542,362,109.5,True,False,False,,,34.5,1763,866.67,11,True,0,OK,0.676,0.795,10906,2.4,11219,326
COPELDIS2866,72152,809600008,perda modelada absurda: 21.4%,21.413,9.532,-11.881,67.93,61.4549,9035,224.6,True,False,False,,,34.5,3142,1824.81,8,True,0,OK,0.082,0.665,22055,54.4,25059,2296
COPELDIS2866,72872,885080027,perda modelada absurda: 21.3%,21.277,15.967,-5.31,32.6295,27.4194,8481,133.3,True,False,False,,,34.5,2616,1569.66,11,True,0,OK,0.765,0.886,15488,42.3,19021,482
COPELDIS2866,72570,831320004,denominador minusculo: 0.176 GWh injetados,21.057,8.805,-12.252,0.1761,0.1606,13,239.2,True,False,False,,,34.5,3439,2017.84,8,True,0,OK,0.065,0.898,20555,12.2,29133,2781
COPELDIS2866,72573,832400010,perda modelada absurda: 19.9%,19.909,16.574,-3.335,48.97,40.8537,5118,120.1,True,False,False,,,34.5,10481,4021.63,16,True,0,OK,0.811,0.945,19852,14.4,47901,707
COPELDIS2866,72583,839720016,perda modelada absurda: 19.4%,19.401,12.848,-6.553,9.5758,8.3455,1296,151.0,True,False,False,4.712849766949073,4.116617537027814,34.5,8612,3507.64,15,True,0,OK,0.653,0.945,20699,33.7,43900,45954
COPELDIS2866,74846,805880018,medida quase sem perda: 2.05% total medido,19.318,2.053,-17.265,21.0329,20.6011,234,941.0,True,False,False,0.6116582690784634,31.582994911692907,13.8,385,70.3,10,True,0,OK,0.893,0.9,1504,40.3,2703,208
COPELDIS2866,71400,830600008,perda modelada absurda: 19.3%,19.262,7.691,-11.571,18.5545,17.1274,3371,250.5,True,False,False,,,13.2,4205,2292.9,7,True,0,OK,0.014,0.833,19092,20.0,26102,30172
COPELDIS2866,72206,819080004,perda modelada absurda: 18.6%,18.615,8.486,-10.129,28.9856,26.5259,5923,219.4,True,False,False,,,34.5,3561,1644.25,7,True,0,OK,0.457,1.062,12576,17.8,21794,7927
COPELDIS2866,72380,826640009,no limite: modelo 1.08x o total medido,17.414,16.071,-1.343,46.0443,38.6444,4242,108.4,True,False,False,,,34.5,8672,3399.28,14,True,0,OK,0.797,0.993,10577,36.2,42243,29050
COPELDIS2866,72630,848000023,perda modelada absurda: 17.3%,17.308,10.534,-6.774,32.1194,28.736,5546,164.3,True,False,False,,,34.5,3088,1380.65,13,True,0,OK,0.804,0.939,8632,59.9,20374,606
COPELDIS2866,72295,819440002,no limite: modelo 1.20x o total medido,17.172,14.315,-2.857,23.2375,19.9111,3643,120.0,True,False,False,,,34.5,2740,1625.05,8,True,0,OK,0.144,0.977,9729,31.2,21641,483
COPELDIS2866,72581,851480033,perda modelada absurda: 17.0%,16.971,6.122,-10.849,39.8517,37.4121,7022,277.2,True,False,False,1.0549957575939755,16.08632061109334,13.8,1671,237.4,14,True,0,OK,0.824,0.887,9247,56.7,9552,303
COPELDIS2866,72360,821600006,modelo quebrado na SE: TENSAO_IMPLAUSIVEL[C-API:0.24],16.928,14.237,-2.691,22.332,19.1526,6292,118.9,True,False,False,,,34.5,3288,1993.18,12,True,0,TENSAO_IMPLAUSIVEL[C-API:0.24],0.053,0.236,18743,59.3,27539,870
COPELDIS2866,72823,860360021,no limite: modelo 1.13x o total medido,16.544,14.665,-1.879,8.6184,7.3545,2075,112.8,True,False,False,,,34.5,3854,1643.34,11,True,0,OK,0.131,0.914,17748,31.1,23502,423
COPELDIS2866,72656,850640007,perda modelada absurda: 16.5%,16.508,13.691,-2.817,13.6839,11.8105,3323,120.6,True,False,False,,,34.5,2284,1014.81,11,True,0,OK,0.247,0.948,5835,68.6,15576,443
COPELDIS2866,72200,814160015,perda modelada absurda: 16.1%,16.109,8.788,-7.321,25.3222,23.0968,4438,183.3,True,False,False,1.0369199080252682,15.535433233872725,13.8,1115,450.71,8,True,0,OK,0.867,0.922,6717,56.4,8389,246
COPELDIS2866,72910,892880030,no limite: modelo 1.02x o total medido,16.095,15.833,-0.262,24.9673,21.0142,8830,101.7,True,False,False,,,34.5,2916,1464.28,4,True,0,OK,0.388,0.783,13598,25.1,19472,861
COPELDIS2866,72295,819440003,perda modelada absurda: 16.0%,16.004,6.515,-9.489,43.6782,40.8325,4157,245.6,True,False,False,,,34.5,2740,1625.05,8,True,0,OK,0.144,0.977,9729,31.2,21641,483
COPELDIS2866,71780,866960071,perda modelada absurda: 15.8%,15.826,10.011,-5.815,2.3545,2.1188,955,158.1,True,False,False,,,34.5,1426,831.58,12,True,0,OK,0.109,0.994,4012,33.8,11911,6897
COPELDIS2866,72994,869720008,perda modelada absurda: 15.7%,15.733,11.096,-4.637,11.501,10.2249,3062,141.8,True,False,False,5.630586127235284,2.7942028848291818,34.5,5946,2206.9,8,True,0,OK,0.883,0.952,13358,73.0,26246,1263
COPELDIS2866,72587,836960005,perda modelada absurda: 15.7%,15.662,8.768,-6.894,45.6516,41.6487,9360,178.6,True,False,False,,,34.5,4392,1781.09,8,True,0,OK,0.74,0.922,13155,58.7,20675,491
COPELDIS2866,72836,864680003,modelo quebrado na SE: TENSAO_IMPLAUSIVEL[C-API:0.30],15.651,13.896,-1.755,9.6212,8.2842,1885,112.6,True,False,False,,,34.5,5774,1696.43,7,True,0,TENSAO_IMPLAUSIVEL[C-API:0.30],0.235,0.291,26060,73.2,28644,585
COPELDIS2866,72872,885080025,perda modelada absurda: 15.2%,15.189,8.222,-6.967,16.375,15.0286,3505,184.7,True,False,False,,,34.5,2616,1569.66,11,True,0,OK,0.765,0.886,15488,42.3,19021,482
COPELDIS2866,72988,835760013,denominador minusculo: 0.233 GWh injetados,15.161,3.676,-11.485,0.2325,0.224,11,412.4,True,False,False,,,34.5,1555,1227.02,16,True,0,OK,0.561,0.571,9522,67.4,10879,1251
COPELDIS2866,72578,833360007,a investigar,14.932,11.75,-3.182,27.7189,24.462,3544,127.1,True,False,False,,,34.5,3593,2206.67,10,True,0,OK,0.135,0.801,25290,30.0,27172,491
COPELDIS2866,72840,866360014,no limite: modelo 1.18x o total medido,14.921,12.656,-2.265,3.7885,3.309,903,117.9,True,False,False,,,34.5,10595,5073.09,14,True,0,OK,0.033,0.548,48021,2.6,49844,2551
COPELDIS2866,72091,805280007,a investigar,14.63,9.839,-4.791,3.2301,2.9123,907,148.7,True,False,False,,,34.5,1696,1379.25,8,True,0,OK,0.907,0.99,2338,60.5,14395,14062
COPELDIS2866,72150,807560013,no limite: modelo 1.02x o total medido,14.507,14.216,-0.291,6.8644,5.8885,1928,102.0,True,False,False,,,34.5,2916,1498.31,11,True,0,OK,0.644,0.895,11634,35.4,18539,429
COPELDIS2866,72647,849080004,no limite: modelo 1.04x o total medido,13.891,13.394,-0.497,32.5091,28.1549,6170,103.7,True,False,False,,,34.5,4355,2657.6,7,True,0,OK,0.24,0.793,22150,72.0,26770,3241
COPELDIS2866,72994,869720010,no limite: modelo 1.05x o total medido,13.473,12.84,-0.633,6.846,5.9669,2062,104.9,True,False,False,4.366043762486429,3.0858600446843045,34.5,5946,2206.9,8,True,0,OK,0.883,0.952,13358,73.0,26246,1263
COPELDIS2866,74699,870200003,a investigar,13.219,9.871,-3.348,45.4183,40.9351,7498,133.9,True,False,False,,,34.5,3905,1301.55,13,True,0,OK,0.329,0.833,20563,36.7,25177,746
COPELDIS2866,72872,885080029,denominador minusculo: 0.248 GWh injetados,13.132,12.821,-0.311,0.2484,0.2165,63,102.4,True,False,False,,,34.5,2616,1569.66,11,True,0,OK,0.765,0.886,15488,42.3,19021,482
COPELDIS2866,72270,819680007,no limite: modelo 1.04x o total medido,12.688,12.245,-0.443,13.2025,11.5859,2665,103.6,True,False,False,,,34.5,1858,1191.29,6,True,0,OK,0.96,1.005,0,74.4,12422,201
COPELDIS2866,71900,823620367,denominador minusculo: 0.066 GWh injetados,12.64,4.585,-8.055,0.0664,0.0634,1,275.7,True,False,False,,,13.8,858,152.63,13,True,0,OK,0.979,0.993,0,74.7,5019,6574
COPELDIS2866,72826,894320035,a investigar,12.576,6.287,-6.289,9.6318,9.0263,2170,200.0,True,False,False,3.1789850315988017,3.9559796208525,34.5,7698,2378.31,13,True,0,OK,0.367,1.004,8044,15.6,33083,11990
COPELDIS2866,72834,832400027,a investigar,12.463,9.799,-2.664,53.8151,48.5416,9868,127.2,True,False,False,,,34.5,2776,1116.87,9,True,0,OK,0.917,1.042,78,77.1,15943,695
COPELDIS2866,71473,837320011,a investigar,12.441,8.91,-3.531,35.6002,32.4281,8492,139.6,True,False,False,,,34.5,2401,851.47,11,True,0,OK,0.85,0.935,7345,47.5,16634,444
COPELDIS2866,72010,802640005,denominador minusculo: 0.027 GWh injetados,12.001,2.749,-9.252,0.0269,0.0261,3,436.5,True,False,False,,,34.5,2756,1795.27,8,True,0,OK,0.068,0.817,9457,19.2,23362,24078
COPELDIS2866,72583,839720010,a investigar,11.758,9.123,-2.635,10.739,9.7593,1727,128.9,True,False,False,4.619024914345869,2.54555890432237,34.5,8612,3507.64,15,True,0,OK,0.653,0.945,20699,33.7,43900,45954
COPELDIS2866,72080,803840011,no limite: modelo 1.04x o total medido,11.726,11.309,-0.417,11.632,10.3166,3291,103.7,True,False,False,,,34.5,1857,1043.91,12,True,0,OK,0.072,0.768,8093,32.4,15483,408
COPELDIS2866,72910,892880032,no limite: modelo 1.17x o total medido,11.663,9.939,-1.724,2.0083,1.8087,1170,117.3,True,False,False,0.5035966555001528,23.15940718156033,34.5,2916,1464.28,4,True,0,OK,0.388,0.783,13598,25.1,19472,861
COPELDIS2866,72841,832160049,a investigar,11.602,9.626,-1.976,50.1489,45.3214,3488,120.5,True,False,False,,,34.5,3105,1109.54,14,True,0,OK,0.781,0.958,3558,67.6,20982,1068
COPELDIS2866,72826,894320031,a investigar,11.572,5.797,-5.775,24.0602,22.6654,8752,199.6,True,False,False,,,34.5,7698,2378.31,13,True,0,OK,0.367,1.004,8044,15.6,33083,11990
COPELDIS2866,72840,866360010,a investigar,11.571,9.168,-2.403,36.0272,32.7244,8602,126.2,True,False,False,,,34.5,10595,5073.09,14,True,0,OK,0.033,0.548,48021,2.6,49844,2551
COPELDIS2866,72980,894320017,no limite: modelo 1.07x o total medido,11.542,10.77,-0.772,25.5863,22.8306,4757,107.2,True,False,False,,,34.5,1771,935.7,13,True,0,OK,0.725,0.989,7498,3.7,12548,8603
COPELDIS2866,72849,870560015,no limite: modelo 1.15x o total medido,11.443,9.959,-1.484,3.5276,3.1763,846,114.9,True,False,False,1.3233066834654454,8.647277417229793,34.5,5243,2355.34,10,True,0,OK,0.931,0.974,1266,80.9,26727,418
COPELDIS2866,72646,854000012,no limite: modelo 1.01x o total medido,11.433,11.279,-0.154,23.4763,20.8284,8689,101.4,True,False,False,,,34.5,2078,604.84,7,True,0,OK,0.87,0.956,2685,54.1,11886,346
COPELDIS2866,72095,806240006,a investigar,11.358,7.899,-3.459,3.7454,3.4495,683,143.8,True,False,False,0.9879477223738339,11.496559729607025,34.5,3208,1777.81,9,True,0,OK,0.172,0.806,19103,57.6,20862,431
COPELDIS2866,72840,866360008,no limite: modelo 1.19x o total medido,11.213,9.397,-1.816,6.1608,5.5819,1407,119.3,True,False,False,,,34.5,10595,5073.09,14,True,0,OK,0.033,0.548,48021,2.6,49844,2551
COPELDIS2866,72100,806480011,no limite: modelo 1.04x o total medido,11.157,10.723,-0.434,7.7892,6.954,1678,104.0,True,False,False,3.180700736670885,3.507717614351105,34.5,3479,1849.15,12,True,0,OK,0.065,0.715,22358,18.3,27556,763
COPELDIS2866,72589,846440004,denominador minusculo: 0.495 GWh injetados,11.014,5.276,-5.738,0.4953,0.4692,68,208.7,True,False,False,,,34.5,8076,3277.19,11,True,0,OK,0.078,0.702,35286,11.5,45051,707
COPELDIS2866,72823,860360006,no limite: modelo 1.03x o total medido,10.841,10.528,-0.313,7.3954,6.6168,1655,103.0,True,False,False,2.450114616630409,4.424690961971974,34.5,3854,1643.34,11,True,0,OK,0.131,0.914,17748,31.1,23502,423
COPELDIS2866,71473,837320014,a investigar,10.718,6.675,-4.043,78.3702,73.1387,13881,160.6,True,False,False,,,34.5,2401,851.47,11,True,0,OK,0.85,0.935,7345,47.5,16634,444
COPELDIS2866,72170,810200010,a investigar,10.404,7.602,-2.802,8.5718,7.9201,1916,136.9,True,False,False,,,34.5,2468,2283.61,12,True,0,OK,0.951,0.997,415,20.7,22464,18117
COPELDIS2866,74045,823620172,medida quase sem perda: 2.53% total medido,10.404,2.53,-7.874,20.7927,20.2666,4525,411.2,True,False,False,,,13.8,942,97.08,16,True,0,OK,0.94,0.944,0,74.5,4293,270
COPELDIS2866,72170,810200005,no limite: modelo 1.05x o total medido,9.797,9.346,-0.451,3.1221,2.8303,860,104.8,True,False,False,1.8163482359321514,5.393789476153053,34.5,2468,2283.61,12,True,0,OK,0.951,0.997,415,20.7,22464,18117
COPELDIS2866,72970,894080012,a investigar,9.769,4.765,-5.004,24.9567,23.7676,3343,205.0,True,False,False,,,34.5,7617,3839.05,14,True,0,OK,0.063,0.81,22773,52.9,51482,7212
COPELDIS2866,72823,860360005,no limite: modelo 1.05x o total medido,9.751,9.282,-0.469,6.1581,5.5865,982,105.1,True,False,False,4.149093496550497,2.350151908629404,34.5,3854,1643.34,11,True,0,OK,0.131,0.914,17748,31.1,23502,423
COPELDIS2866,72582,838400004,a investigar,9.681,7.902,-1.779,5.4677,5.0357,989,122.5,True,False,False,4.538081337828012,2.1332804062594124,34.5,7849,2940.82,13,True,0,OK,0.062,0.849,25300,29.1,37090,2492
COPELDIS2866,72240,818000007,a investigar,9.622,4.055,-5.567,0.95,0.9115,28,237.3,True,False,False,,,34.5,7652,3307.35,15,True,0,OK,0.063,1.009,12019,11.0,40944,55517
COPELDIS2866,72840,866360007,no limite: modelo 1.12x o total medido,9.472,8.481,-0.991,41.2758,37.775,5532,111.7,True,False,False,,,34.5,10595,5073.09,14,True,0,OK,0.033,0.548,48021,2.6,49844,2551
COPELDIS2866,72410,829640007,medida quase sem perda: 2.63% total medido,9.393,2.631,-6.762,1.326,1.2912,69,357.0,True,False,False,,,34.5,5329,2832.21,10,True,0,OK,0.079,0.583,27450,9.1,31761,565
COPELDIS2866,72095,806240017,a investigar,9.169,6.464,-2.705,0.803,0.7511,199,141.8,True,False,False,,,34.5,3208,1777.81,9,True,0,OK,0.172,0.806,19103,57.6,20862,431
COPELDIS2866,72890,848000074,no limite: modelo 1.10x o total medido,9.023,8.181,-0.842,14.1826,13.0224,4342,110.3,True,False,False,0.6392993443720506,14.11388902465215,13.8,2195,512.62,19,True,0,OK,0.9,0.919,13393,77.0,13876,492
COPELDIS2866,72964,893840011,a investigar,9.02,4.215,-4.805,1.2623,1.2091,158,214.0,True,False,False,,,34.5,5450,3339.63,11,True,0,OK,0.058,0.798,23584,15.6,37646,1856
COPELDIS2866,72994,869720013,no limite: modelo 1.11x o total medido,8.697,7.809,-0.888,11.4573,10.5626,1445,111.4,True,False,False,4.496165597872338,1.9343148757945143,34.5,5946,2206.9,8,True,0,OK,0.883,0.952,13358,73.0,26246,1263
COPELDIS2866,72825,861080010,no limite: modelo 1.15x o total medido,8.555,7.439,-1.116,22.3313,20.6701,636,115.0,True,False,False,3.7628543628078353,2.2735400244447073,34.5,2327,1214.27,11,True,0,OK,0.937,1.0,4437,44.2,18944,8322
COPELDIS2866,72824,860240014,a investigar,8.452,4.945,-3.507,1.8373,1.7465,270,170.9,True,False,False,,,34.5,2068,1634.82,15,True,0,OK,0.671,0.817,17226,2.2,17609,322
COPELDIS2866,72770,846680005,modelo quebrado na SE: NAO_CONVERGE[C-API:500],8.038,5.005,-3.033,2.4703,2.3466,433,160.6,True,False,False,,,34.5,13045,6975.05,16,False,0,NAO_CONVERGE[C-API:500],0.025,0.769,67768,2.5,69720,653
COPELDIS2866,72647,849080006,no limite: modelo 1.15x o total medido,7.617,6.624,-0.993,3.2411,3.0264,135,115.0,True,False,False,4.446226749583589,1.7131379997012903,34.5,4355,2657.6,7,True,0,OK,0.24,0.793,22150,72.0,26770,3241
COPELDIS2866,72205,815480001,no limite: modelo 1.16x o total medido,7.581,6.53,-1.051,22.8371,21.3457,3663,116.1,True,False,False,5.534724026774431,1.3697159900523737,34.5,1757,733.05,11,True,0,OK,0.033,0.88,11056,61.9,11506,376
COPELDIS2866,71100,823620068,a investigar,7.564,6.038,-1.526,2.7325,2.5675,304,125.3,True,False,False,,,13.2,1592,333.16,10,True,0,OK,0.952,0.99,10,72.9,8433,7583
COPELDIS2866,72686,856760043,a investigar,7.179,3.195,-3.984,2.6209,2.5372,203,224.7,True,False,False,,,34.5,2181,1189.61,12,True,0,OK,0.145,0.959,4467,34.9,17792,15813
COPELDIS2866,72836,864680004,modelo quebrado na SE: TENSAO_IMPLAUSIVEL[C-API:0.30],6.975,6.442,-0.533,12.772,11.9492,1203,108.3,True,False,False,3.240885533462642,2.152189556830086,34.5,5774,1696.43,7,True,0,TENSAO_IMPLAUSIVEL[C-API:0.30],0.235,0.291,26060,73.2,28644,585
COPELDIS2866,72583,839720006,no limite: modelo 1.08x o total medido,6.633,6.134,-0.499,18.2244,17.1065,1633,108.1,True,False,False,4.153297103871313,1.5970444285859882,34.5,8612,3507.64,15,True,0,OK,0.653,0.945,20699,33.7,43900,45954
COPELDIS2866,72686,856760041,medida quase sem perda: 2.90% total medido,6.427,2.9,-3.527,4.2988,4.1741,118,221.6,True,False,False,,,34.5,2181,1189.61,12,True,0,OK,0.145,0.959,4467,34.9,17792,15813
COPELDIS2866,72866,884720036,modelo quebrado na SE: TENSAO_IMPLAUSIVEL[C-API:0.23],6.348,4.121,-2.227,11.9724,11.479,1050,154.0,True,False,False,0.8646424875662025,7.341762741579313,34.5,1127,382.24,8,True,0,TENSAO_IMPLAUSIVEL[C-API:0.23],0.117,0.234,6807,88.9,6989,193
COPELDIS2866,72150,807560005,denominador minusculo: 0.331 GWh injetados,6.315,5.931,-0.384,0.3314,0.3118,22,106.5,True,False,False,,,34.5,2916,1498.31,11,True,0,OK,0.644,0.895,11634,35.4,18539,429
COPELDIS2866,72824,860240026,a investigar,6.286,5.071,-1.215,1.2367,1.174,136,124.0,True,False,False,,,34.5,2068,1634.82,15,True,0,OK,0.671,0.817,17226,2.2,17609,322
COPELDIS2866,71170,823620354,a investigar,6.142,3.086,-3.056,3.0846,2.9894,15,199.0,True,False,False,,,13.2,791,147.45,22,True,0,OK,0.972,0.988,0,64.1,4767,2687
COPELDIS2866,72573,832400007,a investigar,6.109,4.076,-2.033,54.223,52.0129,1064,149.9,True,False,False,,,34.5,10481,4021.63,16,True,0,OK,0.811,0.945,19852,14.4,47901,707
COPELDIS2866,72760,851480012,a investigar,5.936,4.758,-1.178,8.0784,7.6941,3239,124.8,True,False,False,0.6850722225304166,8.66477986521552,34.5,1807,396.09,25,True,0,OK,0.883,0.935,4757,60.0,12672,643
COPELDIS2866,72587,836960008,no limite: modelo 1.10x o total medido,5.898,5.343,-0.555,10.5781,10.0129,2493,110.4,True,False,False,1.8862391696061132,3.1268569198632576,34.5,4392,1781.09,8,True,0,OK,0.74,0.922,13155,58.7,20675,491
COPELDIS2866,74130,823620138,a investigar,5.486,3.305,-2.181,27.6605,26.7464,4460,166.0,True,False,False,,,13.8,1155,77.9,14,True,0,OK,0.93,0.939,0,84.1,4263,270
COPELDIS2866,71730,862880016,no limite: modelo 1.16x o total medido,5.485,4.745,-0.74,58.8397,56.0478,4372,115.6,True,False,False,3.3244964394435996,1.6498739282506167,34.5,7493,3249.08,19,True,0,OK,0.063,0.789,27156,19.2,41287,631
COPELDIS2866,71800,866960015,a investigar,5.461,4.008,-1.453,14.3829,13.8064,875,136.2,True,False,False,,,33.0,2329,1301.27,17,True,0,OK,0.084,0.968,9188,40.1,20939,14025
COPELDIS2866,71480,843080006,a investigar,5.333,3.141,-2.192,12.0041,11.6271,148,169.8,True,False,False,,,34.5,1763,866.67,11,True,0,OK,0.676,0.795,10906,2.4,11219,326
COPELDIS2866,74877,823620197,no limite: modelo 1.08x o total medido,5.286,4.884,-0.402,28.0974,26.7251,4834,108.2,True,False,False,0.7164285451579312,7.378265474939641,13.8,669,80.19,9,True,0,OK,0.947,0.952,0,76.4,3327,201
COPELDIS2866,71470,834080005,a investigar,5.023,4.133,-0.89,18.2271,17.4737,396,121.5,True,False,False,1.536193727015938,3.2697698940336095,34.5,2754,1406.62,7,True,0,OK,0.897,1.047,5077,68.0,19048,344
COPELDIS2866,72859,887840005,a investigar,4.878,3.256,-1.622,8.4382,8.1635,1578,149.8,True,False,False,1.1508099646020633,4.238753703950379,34.5,1532,834.25,5,True,0,OK,0.957,0.978,4174,76.7,9468,6823
COPELDIS2866,71700,851480007,no limite: modelo 1.08x o total medido,4.814,4.465,-0.349,42.5043,40.6067,663,107.8,True,False,False,4.694837210383092,1.0253816659187602,34.5,3140,1253.56,17,True,0,OK,0.052,0.952,9668,15.1,25633,1110
COPELDIS2866,72826,894320022,no limite: modelo 1.00x o total medido,4.802,4.795,-0.007,15.7636,15.0076,597,100.1,True,False,False,2.118261096214251,2.266953780429673,34.5,7698,2378.31,13,True,0,OK,0.367,1.004,8044,15.6,33083,11990
COPELDIS2866,74674,864920019,no limite: modelo 1.18x o total medido,4.744,4.006,-0.738,28.4733,27.3326,5332,118.4,True,False,False,1.341720273498296,3.535759348430256,13.8,1336,239.87,10,True,0,OK,0.932,0.944,0,71.9,8387,276
COPELDIS2866,72240,818000005,no limite: modelo 1.09x o total medido,4.743,4.346,-0.397,26.5394,25.386,2651,109.1,True,False,False,,,34.5,7652,3307.35,15,True,0,OK,0.063,1.009,12019,11.0,40944,55517
COPELDIS2866,72762,845000044,modelo quebrado na SE: TENSAO_IMPLAUSIVEL[C-API:0.19],4.737,4.226,-0.511,0.1222,0.117,6,112.1,True,False,False,,,34.5,3653,1481.31,9,True,0,TENSAO_IMPLAUSIVEL[C-API:0.19],0.062,0.182,8256,13.1,19100,533
COPELDIS2866,72980,894320009,no limite: modelo 1.19x o total medido,4.63,3.905,-0.725,49.9005,47.9519,636,118.6,True,False,False,4.862659418230063,0.952153873380927,34.5,1771,935.7,13,True,0,OK,0.725,0.989,7498,3.7,12548,8603
COPELDIS2866,72841,832160053,a investigar,4.452,3.163,-1.289,82.8215,80.2019,10683,140.8,True,False,False,,,34.5,3105,1109.54,14,True,0,OK,0.781,0.958,3558,67.6,20982,1068
COPELDIS2866,72824,860240016,a investigar,4.397,3.573,-0.824,36.3569,35.0579,1010,123.1,True,False,False,,,34.5,2068,1634.82,15,True,0,OK,0.671,0.817,17226,2.2,17609,322
COPELDIS2866,71170,823620355,a investigar,4.361,3.092,-1.269,4.5236,4.3837,68,141.0,True,False,False,,,13.2,791,147.45,22,True,0,OK,0.972,0.988,0,64.1,4767,2687
COPELDIS2866,72857,874280016,no limite: modelo 1.03x o total medido,4.283,4.161,-0.122,49.3886,47.3334,4344,102.9,True,False,False,4.7956245609132315,0.8931057770678337,34.5,1573,617.78,13,True,0,OK,0.081,0.756,12018,52.1,12711,396
COPELDIS2866,71730,862880018,a investigar,4.281,3.42,-0.861,14.5702,14.0719,469,125.2,True,False,False,1.072859261401101,3.990271747674738,34.5,7493,3249.08,19,True,0,OK,0.063,0.789,27156,19.2,41287,631
COPELDIS2866,74045,823620168,a investigar,4.057,3.194,-0.863,11.0686,10.715,3499,127.0,True,False,False,,,13.8,942,97.08,16,True,0,OK,0.94,0.944,0,74.5,4293,270
COPELDIS2866,71780,866960041,no limite: modelo 1.02x o total medido,4.003,3.932,-0.071,7.0889,6.8101,301,101.8,True,False,False,,,34.5,1426,831.58,12,True,0,OK,0.109,0.994,4012,33.8,11911,6897
COPELDIS2866,72590,847640003,medida quase sem perda: 2.32% total medido,3.982,2.323,-1.659,8.8824,8.676,327,171.4,True,False,False,1.3113786594331602,3.0364990091582005,34.5,7189,3965.99,12,True,0,OK,0.013,0.735,47727,21.2,55107,1086
COPELDIS2866,74045,823620167,no limite: modelo 1.15x o total medido,3.961,3.441,-0.52,11.2255,10.8392,2983,115.1,True,False,False,,,13.8,942,97.08,16,True,0,OK,0.94,0.944,0,74.5,4293,270
COPELDIS2866,72899,805160029,no limite: modelo 1.09x o total medido,3.951,3.61,-0.341,15.0562,14.5127,360,109.4,True,False,False,0.6669675067312246,5.923826813338568,13.8,1114,301.39,14,True,0,OK,0.586,0.644,5148,15.9,7497,344
COPELDIS2866,72655,850280006,medida quase sem perda: 2.44% total medido,3.947,2.441,-1.506,10.2191,9.9697,1122,161.7,True,False,False,,,34.5,5548,2179.11,18,True,0,OK,0.05,0.745,19420,38.4,34523,772
COPELDIS2866,71473,837320101,medida quase sem perda: 2.28% total medido,3.828,2.28,-1.548,2.9176,2.851,29,167.9,True,False,False,,,34.5,2401,851.47,11,True,0,OK,0.85,0.935,7345,47.5,16634,444
COPELDIS2866,74200,823620018,no limite: modelo 1.03x o total medido,3.744,3.628,-0.116,12.1273,11.6874,3837,103.2,True,False,False,,,13.8,974,95.93,12,True,0,OK,0.962,0.971,0,87.8,4153,3588
COPELDIS2866,74699,870200012,no limite: modelo 1.08x o total medido,3.726,3.441,-0.285,32.165,31.0581,1038,108.3,True,False,False,2.2753093217054063,1.6375795433419407,34.5,3905,1301.55,13,True,0,OK,0.329,0.833,20563,36.7,25177,746
COPELDIS2866,74680,823620094,no limite: modelo 1.02x o total medido,3.641,3.575,-0.066,26.5311,25.5826,6003,101.8,True,False,False,0.983786404908981,3.7010066228114447,13.8,1136,183.75,14,True,0,OK,0.949,0.966,0,77.0,6053,5168
COPELDIS2866,74346,836320010,medida quase sem perda: 2.89% total medido,3.638,2.887,-0.751,40.6041,39.4317,5332,126.0,True,False,False,1.8091783458648005,2.010857585331649,13.8,1172,188.71,11,True,0,OK,0.905,0.919,5600,72.7,6648,288
COPELDIS2866,71180,836320015,no limite: modelo 1.09x o total medido,3.546,3.244,-0.302,16.0917,15.5696,4527,109.3,True,False,False,0.9141406532199157,3.8790529526389363,13.8,1575,407.97,7,True,0,OK,0.958,0.987,0,71.7,8104,4692
COPELDIS2866,72209,819200028,no limite: modelo 1.14x o total medido,3.51,3.07,-0.44,17.8472,17.2993,786,114.3,True,False,False,,,34.5,4797,2103.09,10,True,0,OK,0.063,0.613,18658,20.9,25487,6126
COPELDIS2866,74045,823620154,medida quase sem perda: 2.87% total medido,3.484,2.867,-0.617,11.4559,11.1274,3093,121.5,True,False,False,,,13.8,942,97.08,16,True,0,OK,0.94,0.944,0,74.5,4293,270
COPELDIS2866,71805,862040014,medida quase sem perda: 2.88% total medido,3.465,2.875,-0.59,21.4893,20.8716,2312,120.5,True,False,False,1.1180780726708814,3.0990680210038968,13.8,1147,312.26,9,True,0,OK,0.905,0.938,2378,60.9,7106,178
COPELDIS2866,74745,883160016,no limite: modelo 1.13x o total medido,3.464,3.057,-0.407,19.7091,19.1066,7766,113.3,True,False,False,1.1260164885331059,3.0763315060445096,13.8,1678,333.09,13,True,0,OK,0.938,0.956,597,71.4,9539,3623
COPELDIS2866,74877,823620238,no limite: modelo 1.18x o total medido,3.45,2.917,-0.533,14.3889,13.9692,2465,118.3,True,False,False,1.1046909582775044,3.1230453858149,13.8,669,80.19,9,True,0,OK,0.947,0.952,0,76.4,3327,201
COPELDIS2866,74520,823620128,no limite: modelo 1.01x o total medido,3.444,3.399,-0.045,21.2586,20.536,3542,101.3,True,False,False,,,13.8,1267,128.37,13,True,0,OK,0.946,0.971,0,76.1,5735,4522
COPELDIS2866,72634,848000214,no limite: modelo 1.09x o total medido,3.438,3.161,-0.277,28.9391,28.0244,6508,108.8,True,False,False,0.9126544755212551,3.767033518393053,13.8,700,71.31,8,True,0,OK,0.954,0.971,0,76.8,3314,2661
COPELDIS2866,71730,862880010,no limite: modelo 1.02x o total medido,3.431,3.367,-0.064,34.8533,33.68,1949,101.9,True,False,False,3.0855970334210654,1.1119404001357815,34.5,7493,3249.08,19,True,0,OK,0.063,0.789,27156,19.2,41287,631
COPELDIS2866,72989,850280019,medida quase sem perda: 2.80% total medido,3.38,2.798,-0.582,13.9029,13.5139,75,120.8,True,False,False,2.8452563578754018,1.1879421657892013,34.5,1642,651.44,9,True,0,OK,0.396,0.967,5599,28.8,11080,7664
COPELDIS2866,74346,836320024,no limite: modelo 1.12x o total medido,3.346,2.976,-0.37,34.3919,33.3683,7365,112.4,True,False,False,1.1546269409925585,2.8979057054771813,13.8,1172,188.71,11,True,0,OK,0.905,0.919,5600,72.7,6648,288
COPELDIS2866,74520,823620076,no limite: modelo 1.19x o total medido,3.337,2.808,-0.529,15.3641,14.9327,2643,118.8,True,False,False,,,13.8,1267,128.37,13,True,0,OK,0.946,0.971,0,76.1,5735,4522
COPELDIS2866,74674,864920018,no limite: modelo 1.12x o total medido,3.296,2.937,-0.359,20.6273,20.0213,5951,112.2,True,False,False,,,13.8,1336,239.87,10,True,0,OK,0.932,0.944,0,71.9,8387,276
COPELDIS2866,72760,851480013,medida quase sem perda: 2.49% total medido,3.236,2.492,-0.744,32.1928,31.3905,6191,129.8,True,False,False,0.8112637441987636,3.988838430338093,34.5,1807,396.09,25,True,0,OK,0.883,0.935,4757,60.0,12672,643
COPELDIS2866,71170,823620357,medida quase sem perda: 2.22% total medido,3.224,2.217,-1.007,23.4727,22.9524,5770,145.4,True,False,False,0.6602581689192225,4.882938450087441,13.2,791,147.45,22,True,0,OK,0.972,0.988,0,64.1,4767,2687
COPELDIS2866,74343,881160010,no limite: modelo 1.07x o total medido,3.196,2.994,-0.202,25.5399,24.7752,2309,106.7,True,False,False,1.298981615135884,2.4603889406592354,13.8,1445,260.35,10,True,0,OK,0.886,0.902,7007,69.3,8125,310
COPELDIS2866,74520,823620077,no limite: modelo 1.09x o total medido,3.184,2.912,-0.272,18.3723,17.8373,3985,109.3,True,False,False,,,13.8,1267,128.37,13,True,0,OK,0.946,0.971,0,76.1,5735,4522
COPELDIS2866,71100,823620078,medida quase sem perda: 2.49% total medido,3.132,2.489,-0.643,23.0292,22.4559,1392,125.8,True,False,False,,,13.2,1592,333.16,10,True,0,OK,0.952,0.99,10,72.9,8433,7583
COPELDIS2866,74876,823620306,no limite: modelo 1.05x o total medido,3.122,2.971,-0.151,16.6349,16.1407,5558,105.1,True,False,False,0.5049471814743157,6.182824886524892,13.8,511,76.72,7,True,0,OK,0.97,0.976,0,86.5,2710,2074
COPELDIS2866,74755,864920021,no limite: modelo 1.13x o total medido,3.098,2.732,-0.366,38.0181,36.9795,3038,113.4,True,False,False,0.8800240235726323,3.5203584413787405,13.8,1265,164.0,13,True,0,OK,0.94,0.955,0,74.3,6436,2727
COPELDIS2866,72827,862040001,no limite: modelo 1.01x o total medido,3.097,3.053,-0.044,31.5611,30.5974,1171,101.4,True,False,False,0.8830500384391063,3.5071625221536795,13.8,958,150.74,12,True,0,OK,0.912,0.925,5310,73.6,6057,349
COPELDIS2866,74130,823620129,no limite: modelo 1.10x o total medido,3.086,2.802,-0.284,21.6383,21.0321,6184,110.2,True,False,False,,,13.8,1155,77.9,14,True,0,OK,0.93,0.939,0,84.1,4263,270
COPELDIS2866,71812,823620252,no limite: modelo 1.02x o total medido,3.055,3.005,-0.05,16.4864,15.9909,4845,101.7,True,False,False,,,13.2,1137,146.5,12,True,0,OK,0.983,0.991,0,82.4,5439,4075
COPELDIS2866,72930,891800004,medida quase sem perda: 2.41% total medido,3.035,2.412,-0.623,25.9707,25.3444,4083,125.9,True,False,False,0.6333277596990599,4.792147436332413,34.5,3898,1505.89,18,True,0,OK,0.084,0.808,21963,13.8,24442,565
COPELDIS2866,74346,836320025,no limite: modelo 1.10x o total medido,2.996,2.733,-0.263,17.7271,17.2426,5719,109.6,True,False,False,0.87133721478923,3.438393252519015,13.8,1172,188.71,11,True,0,OK,0.905,0.919,5600,72.7,6648,288
COPELDIS2866,74130,823620134,no limite: modelo 1.20x o total medido,2.995,2.504,-0.491,33.0557,32.228,5634,119.6,True,False,False,0.5766251643696729,5.194015428157612,13.8,1155,77.9,14,True,0,OK,0.93,0.939,0,84.1,4263,270
COPELDIS2866,72655,850280001,no limite: modelo 1.03x o total medido,2.976,2.897,-0.079,30.2739,29.3968,5244,102.7,True,False,False,1.8078587170422598,1.6461463343047478,34.5,5548,2179.11,18,True,0,OK,0.05,0.745,19420,38.4,34523,772
COPELDIS2866,74032,823620335,medida quase sem perda: 2.13% total medido,2.972,2.13,-0.842,23.8334,23.3259,8443,139.6,True,False,False,,,13.8,745,70.8,6,True,0,OK,0.942,0.949,0,86.1,3039,151
COPELDIS2866,72900,890600008,medida quase sem perda: 2.31% total medido,2.96,2.309,-0.651,23.2634,22.7262,427,128.2,True,False,False,,,34.5,1182,676.06,11,True,0,OK,0.979,0.995,99,92.9,10191,5403
COPELDIS2866,72300,820400014,medida quase sem perda: 2.08% total medido,2.95,2.083,-0.867,34.4759,33.7579,9,141.6,True,False,False,,,34.5,2527,1598.06,11,True,0,OK,0.065,0.841,16260,9.9,21707,2135
COPELDIS2866,74745,883160006,no limite: modelo 1.12x o total medido,2.928,2.626,-0.302,38.9474,37.9246,2541,111.5,True,False,False,1.1506740647748586,2.5445954589868105,13.8,1678,333.09,13,True,0,OK,0.938,0.956,597,71.4,9539,3623
COPELDIS2866,74877,823620198,medida quase sem perda: 2.06% total medido,2.898,2.058,-0.84,17.1809,16.8273,4548,140.8,True,False,False,,,13.8,669,80.19,9,True,0,OK,0.947,0.952,0,76.4,3327,201
COPELDIS2866,74110,823620061,medida quase sem perda: 2.27% total medido,2.87,2.271,-0.599,25.0602,24.491,4313,126.4,True,False,False,,,13.8,1056,121.0,8,True,0,OK,0.968,0.972,0,84.3,4835,3565
COPELDIS2866,71180,836320013,no limite: modelo 1.16x o total medido,2.858,2.459,-0.399,26.1197,25.4775,4886,116.2,True,False,False,0.673871382081168,4.241165415236098,13.8,1575,407.97,7,True,0,OK,0.958,0.987,0,71.7,8104,4692
COPELDIS2866,74877,823620199,no limite: modelo 1.13x o total medido,2.839,2.521,-0.318,17.0657,16.6355,3100,112.6,True,False,False,,,13.8,669,80.19,9,True,0,OK,0.947,0.952,0,76.4,3327,201
COPELDIS2866,74032,823620336,no limite: modelo 1.01x o total medido,2.812,2.777,-0.035,24.3134,23.6383,6863,101.3,True,False,False,,,13.8,745,70.8,6,True,0,OK,0.942,0.949,0,86.1,3039,151
COPELDIS2866,74200,823620017,no limite: modelo 1.02x o total medido,2.81,2.753,-0.057,22.7005,22.0755,3411,102.1,True,False,False,,,13.8,974,95.93,12,True,0,OK,0.962,0.971,0,87.8,4153,3588
COPELDIS2866,74130,823620082,no limite: modelo 1.19x o total medido,2.794,2.354,-0.44,37.63,36.7443,5890,118.7,True,False,False,,,13.8,1155,77.9,14,True,0,OK,0.93,0.939,0,84.1,4263,270
COPELDIS2866,74145,823620146,no limite: modelo 1.10x o total medido,2.783,2.54,-0.243,12.2608,11.9495,1640,109.6,True,False,False,,,13.8,923,137.48,12,True,0,OK,0.959,0.97,0,79.6,4746,2875
COPELDIS2866,74699,870200008,medida quase sem perda: 2.17% total medido,2.768,2.17,-0.598,37.705,36.887,571,127.6,True,False,False,0.7669850149755447,3.608936219031942,34.5,3905,1301.55,13,True,0,OK,0.329,0.833,20563,36.7,25177,746
COPELDIS2866,71105,814600007,no limite: modelo 1.13x o total medido,2.737,2.416,-0.321,3.2797,3.2005,138,113.3,True,False,False,0.6866611855066197,3.985954147066922,13.8,1629,429.21,13,True,0,OK,0.956,0.985,0,65.5,8200,11377
COPELDIS2866,71300,817760023,medida quase sem perda: 2.15% total medido,2.712,2.152,-0.56,34.8357,34.086,199,126.0,True,False,False,,,34.5,2788,1233.51,15,True,0,OK,0.841,0.948,7171,45.0,19891,507
COPELDIS2866,74125,823620269,no limite: modelo 1.17x o total medido,2.639,2.255,-0.384,37.5904,36.7429,4803,117.1,True,False,False,1.6354554489822801,1.6136177855790634,13.8,1361,207.07,12,True,0,OK,0.929,0.953,224,63.9,7018,5026
COPELDIS2866,71730,862880001,no limite: modelo 1.18x o total medido,2.638,2.238,-0.4,15.9572,15.6,3132,117.9,True,False,False,,,34.5,7493,3249.08,19,True,0,OK,0.063,0.789,27156,19.2,41287,631
COPELDIS2866,74045,823620171,no limite: modelo 1.08x o total medido,2.631,2.44,-0.191,14.7956,14.4346,2965,107.8,True,False,False,,,13.8,942,97.08,16,True,0,OK,0.94,0.944,0,74.5,4293,270
COPELDIS2866,74125,823620031,no limite: modelo 1.02x o total medido,2.613,2.571,-0.042,40.4908,39.4497,2404,101.6,True,False,False,1.0505994335404176,2.4871515409012215,13.8,1361,207.07,12,True,0,OK,0.929,0.953,224,63.9,7018,5026
COPELDIS2866,72857,874280015,no limite: modelo 1.04x o total medido,2.595,2.485,-0.11,21.2504,20.7224,1354,104.4,True,False,False,0.8289339696275191,3.130526791133993,34.5,1573,617.78,13,True,0,OK,0.081,0.756,12018,52.1,12711,396
COPELDIS2866,74755,864920011,no limite: modelo 1.20x o total medido,2.577,2.153,-0.424,29.8327,29.1905,1840,119.7,True,False,False,0.6461012700181021,3.988538824459823,13.8,1265,164.0,13,True,0,OK,0.94,0.955,0,74.3,6436,2727
COPELDIS2866,72857,874280019,no limite: modelo 1.15x o total medido,2.525,2.205,-0.32,18.803,18.3885,4081,114.5,True,False,False,0.5248273674553885,4.811105816075093,34.5,1573,617.78,13,True,0,OK,0.081,0.756,12018,52.1,12711,396
COPELDIS2866,74031,883160024,no limite: modelo 1.07x o total medido,2.522,2.348,-0.174,15.0939,14.7395,2418,107.4,True,False,False,,,13.8,750,99.6,9,True,0,OK,0.966,0.979,0,83.0,3938,2972
COPELDIS2866,72995,832160042,no limite: modelo 1.14x o total medido,2.492,2.186,-0.306,8.617,8.4287,880,114.0,True,False,False,,,13.8,1737,268.41,19,True,0,OK,0.805,0.861,10242,60.8,10856,614
COPELDIS2866,72634,848000207,no limite: modelo 1.01x o total medido,2.407,2.385,-0.022,10.2987,10.0531,1069,100.9,True,False,False,,,13.8,700,71.31,8,True,0,OK,0.954,0.971,0,76.8,3314,2661
COPELDIS2866,72760,851480004,no limite: modelo 1.06x o total medido,2.274,2.15,-0.124,19.0854,18.675,2648,105.7,True,False,False,,,34.5,1807,396.09,25,True,0,OK,0.883,0.935,4757,60.0,12672,643
COPELDIS2866,72890,848000200,no limite: modelo 1.12x o total medido,2.263,2.017,-0.246,19.785,19.3861,2316,112.2,True,False,False,,,13.8,2195,512.62,19,True,0,OK,0.9,0.919,13393,77.0,13876,492
COPELDIS2866,71105,814600014,no limite: modelo 1.01x o total medido,2.256,2.231,-0.025,18.1871,17.7814,1667,101.1,True,False,False,0.7759467385185005,2.907416048049039,13.8,1629,429.21,13,True,0,OK,0.956,0.985,0,65.5,8200,11377
