MNEMONICO;N_CIRCUITOS;COD_SUB;NOME_SUB;CONFIANCA;COMO;ALTERNATIVAS;EXEMPLOS_NO_DIAGRAMA
BAN;18;TBAN;ETT BANDEIRANTES;MEDIA;abreviacao (peso 1);MBAN|ETC METRO BANDEIRANTES;"LI BAN-TRA 1 ; LI BAN-TRA 2 ; LTA BAN-ITA 1"
PRI;16;TPRI;ETT PIRITUBA;MEDIA;abreviacao (peso 1);DPRI|ETD PIRITUBA / RPRI|ETR PIRITUBA;"LTA ANH-PRI 1 ; LTA ANH-PRI 2 ; LTA MFO-PRI 1"
SUL;16;TSUL;ETT SUL;ALTA;abreviacao (peso 1);;"LTA HB-SUL 1 ; LTA HB-SUL 2 ; LTA PI-SUL 1"
CAP;14;DCAP;ETD CAPUAVA;MEDIA;abreviacao (peso 1);CCAP|ECH CAPUAVA / DCAL|ETD CAPELA / BCAL|EBC CAPELA;"LTA BSA-CAP 1 ; LTA BSA-CAP 2 ; LTA CAP-MAU 1"
MFO;12;TMFO;ETT MILTON FORNASARO;MEDIA;abreviacao (peso 1);RMFO|ETR MILTON FORNARARO;"LTA MFO-CON 1 ; LTA MFO-CON 2 ; LTA MFO-PRI 1"
WIL;10;RWIL;ETR WILSON;ALTA;abreviacao (peso 1);;"LIG MOO-WIL 1 ; LIG MOO-WIL 2 ; LTA SUL-WIL 5"
ANH;8;TANH;ETT ANHANGUERA;MEDIA;abreviacao (peso 1);RANH|ETR ANHANGUERA / DANB|ETD ANHEMBI;"LTA ANH-CVE 1 ; LTA ANH-CVE 2 ; LTA ANH-MUT 1"
ESO;8;EXTERNA-EDGARD_DE_SOUZA;;ALTA;lido no diagrama: SE EDGARD DE SOUZA 88 kV (CTEEP);;"LTA ESO-MUT 1 ; LTA ESO-MUT 2 ; LTA ESO-PGO 1"
LES;8;TLES;ETT LESTE;ALTA;abreviacao (peso 1);;"LTA LES-CAP 1 ; LTA LES-CAP 2 ; LTA LES-CAP 3"
NOR;8;TNOR;ETT NORTE;MEDIA;abreviacao (peso 1);CNOR|ETC CENTER NORTE ERICSON / TNOD|ETT NORDESTE;"LTA LES-NOR 1 ; LTA LES-NOR 2 ; LTA NOR-ADE 1"
PSO;8;DPSO;ETD PAULA SOUZA;MEDIA;abreviacao (peso 1);RPSO|ETR PAULA SOUZA;"LTA PVI-PSO 1 ; LTA PVI-PSO 2 ; LTS CTR-PSO 1"
PI;7;DCPI;ETD CARAPICUIBA;MEDIA;abreviacao (peso 1);DRPI|ETD RIBEIRAO PIRES / BCPI|EBC CARAPICUIBA / BRPI|EBC RIBEIRAO PIRES;"LI PI-PED 1 ; LTA PI-BAN 1 ; LTA PI-BAN 2"
CVE;6;DCVE;ETD CASA VERDE;ALTA;abreviacao (peso 1);;"LTA ANH-CVE 1 ; LTA ANH-CVE 2 ; LTS ANH-CVE 1"
HB;6;UHBO;ETU HENRY BORDEN;ALTA;abreviacao (peso 4);;"LTA HB-PED 1 ; LTA HB-PED 2 ; LTA HB-SUL 1"
JAD;6;TJAD;ETT JANDIRA;ALTA;abreviacao (peso 1);;"LTA JAD-COT 1 ; LTA JAD-COT 2 ; LTA JAD-IVI 1"
VOL;6;OVOL;EOC VILA OLIVIA;ALTA;abreviacao (peso 1);BVWA|EBC VOLKSWAGEN / VOLK|ETC VOLKSWAGEN SBC;"LTA LES-VOL 1 ; LTA LES-VOL 2 ; LTA NOD-VOL 1"
RRF;6;TRRF;ETT RAMON REBERTE FILHO;ALTA;abreviacao (peso 1);;"LTA RRF-ADE 1 ; LTA RRF-ADE 2 ; LTA RRF-CRA 1"
CAM;6;DCAM;ETD CAMBUCI;ALTA;abreviacao (peso 1);DCPE|ETD CAMPESTRE;"LTS MRE-CAM 1 ; LTS MRE-CAM 2 ; LTS PSO-CAM 1"
ADE;5;RADE;ETR ADELINO;MEDIA;abreviacao (peso 1);BADE|EBC ADELINO;"LTA NOR-ADE 1 ; LTA NOR-ADE 2 ; LTA RRF-ADE 1"
MUT;4;EXTERNA-MUTINGA;;ALTA;"lido no diagrama: EOC MUTINGA; ausente da tabela SUB";;"LTA ANH-MUT 1 ; LTA ANH-MUT 2 ; LTA ESO-MUT 1"
ITA;4;DITA;ETD ITAIM;ALTA;abreviacao (peso 1);DITN|ETD ITAQUERUNA / DITP|ETD ITAPECERICA / DITR|ETD ITAQUERA;"LTA BAN-ITA 1 ; LTA BAN-ITA 2 ; LTS ITA-IBP 1"
SND;4;DSND;ETD SANTO ANDRE;MEDIA;abreviacao (peso 1);BSND|EBC SANTO ANDRE;"LTA CAP-SND 1 ; LTA CAP-SND 2 ; RAC COFAP-SND 1"
VRA;4;;;ABERTO;sem candidato;;"LTA ESO-VRA 1 ; LTA ESO-VRA 2 ; LTA PRI-VRA 1"
CAI;4;DCAI;ETD CANINDE;MEDIA;abreviacao (peso 1);RCAI|ETR CANINDE;"LTA NOR-CAI 1 ; LTA NOR-CAI 2 ; LTS CAI-PVI 1"
PVI;4;RPVI;ETR PEDRO VICENTE;ALTA;abreviacao (peso 1);;"LTA PVI-PSO 1 ; LTA PVI-PSO 2 ; LTS CAI-PVI 1"
CTR;4;TCTR;ETT CENTRO;ALTA;abreviacao (peso 1);;"LTS CTR-AUG ; LTS CTR-PSO 1 ; LTS CTR-PSO 2"
MRE;4;TMRE;ETT MIGUEL REALE;ALTA;abreviacao (peso 1);;"LTS MRE-CAM 1 ; LTS MRE-CAM 2 ; LTS MRE-WIL 1"
PED;3;RPVI;ETR PEDRO VICENTE;MEDIA;abreviacao (peso 3);USPE|ETU PEDREIRA;"LI PI-PED 1 ; LTA HB-PED 1 ; LTA HB-PED 2"
TRA;2;UTRA;ETU TRAICAO;ALTA;abreviacao (peso 1);;"LI BAN-TRA 1 ; LI BAN-TRA 2"
MOO;2;DMOO;ETD MOOCA;MEDIA;abreviacao (peso 1);SMOO|ETC SHOOPING MOOCA;"LIG MOO-WIL 1 ; LIG MOO-WIL 2"
MOC;2;DMOC;ETD MONCOES;MEDIA;abreviacao (peso 1);CMOC|ECH MONCOES;"LTA BAN-MOC 1 ; LTA BAN-MOC 2"
BSA;2;TBSA;ETT BAIXADA SANTISTA;ALTA;abreviacao (peso 1);;"LTA BSA-CAP 1 ; LTA BSA-CAP 2"
MAU;2;DMAU;ETD MAUA;ALTA;abreviacao (peso 1);;"LTA CAP-MAU 1 ; LTA CAP-MAU 2"
EMG;2;TEMG;ETT EMBU GUACU;ALTA;abreviacao (peso 1);;"LTA EMG-ITP 1 ; LTA EMG-ITP 2"
ITP;2;DITP;ETD ITAPECERICA;ALTA;abreviacao (peso 1);;"LTA EMG-ITP 1 ; LTA EMG-ITP 2"
PGO;2;PPGO;PMF PORTO GOES;ALTA;abreviacao (peso 1);;"LTA ESO-PGO 1 ; LTA ESO-PGO 2"
SRO;2;PSRO;PMF SAO ROQUE;ALTA;abreviacao (peso 1);;"LTA ESO-SRO 1 ; LTA ESO-SRO 2"
COT;2;DCOT;ETD COTIA;ALTA;abreviacao (peso 1);;"LTA JAD-COT 1 ; LTA JAD-COT 2"
IVI;2;DIVI;ETD ITAPEVI;ALTA;abreviacao (peso 1);;"LTA JAD-IVI 1 ; LTA JAD-IVI 2"
MBE;2;DMBE;ETD MONTE BELO;ALTA;abreviacao (peso 1);;"LTA JAD-MBE 1 ; LTA JAD-MBE 2"
JOD;2;;;ABERTO;sem candidato;;"LTA JOD-EMB 1 ; LTA JOD-EMB 2"
EMB;2;DEMB;ETD EMBU;ALTA;abreviacao (peso 1);TEMG|ETT EMBU GUACU;"LTA JOD-EMB 1 ; LTA JOD-EMB 2"
CON;2;DCON;ETD CONTINENTAL;MEDIA;abreviacao (peso 1);BCON|EBC CONTINENTAL / DCOG|ETD CONGONHAS / RCOG|ETR CONGONHAS;"LTA MFO-CON 1 ; LTA MFO-CON 2"
REM;2;DREM;ETD REMEDIOS;ALTA;abreviacao (peso 1);;"LTA MFO-REM 1 ; LTA MFO-REM 2"
TSE;2;DTSE;ETD TABOAO DA SERRA;ALTA;abreviacao (peso 1);;"LTA MFO-TSE 1 ; LTA MFO-TSE 2"
NOD;2;TNOD;ETT NORDESTE;ALTA;abreviacao (peso 1);;"LTA NOD-VOL 1 ; LTA NOD-VOL 2"
PEN;2;DPEN;ETD PENHA;MEDIA;abreviacao (peso 1);BPEN|EBC PENHA;"LTA NOR-PEN 1 ; LTA NOR-PEN 2"
PI2;2;TPI2;ETT PIRATININGA II;ALTA;abreviacao (peso 1);;"LTA PI2-HB 1 ; LTA PI2-HB 2"
LAP;2;DLAP;ETD LAPA;ALTA;abreviacao (peso 1);;"LTA PRI-LAP 1 ; LTA PRI-LAP 2"
TED;2;DTED;ETD THOMAZ EDISON;ALTA;abreviacao (peso 1);;"LTA PRI-TED 1 ; LTA PRI-TED 2"
CRA;2;DCRA;ETD CARRAO;ALTA;abreviacao (peso 1);;"LTA RRF-CRA 1 ; LTA RRF-CRA 2"
SIL;2;DSIL;ETD SILVESTRE;ALTA;abreviacao (peso 1);;"LTA RRF-SIL 3 ; LTA RRF-SIL 4"
ALV;2;DALV;ETD ALVARENGA;MEDIA;abreviacao (peso 1);BALV|EBC ALVARENGA;"LTA SUL-ALV 1 ; LTA SUL-ALV 2"
SCS;2;BSCS;EBC SAO CAETANO;MEDIA;abreviacao (peso 1);OSCS|EOC SAO CAETANO;"LTA SUL-SCS 1 ; LTA SUL-SCS 2"
ZF;2;;;ABERTO;sem candidato;;"LTA SUL-ZF 3 ; LTA SUL-ZF 4"
GCA;2;DGCA;ETD GOMES CARDIM;MEDIA;abreviacao (peso 1);RGCA|ETR GOMES CARDIM;"LTS ADE-GCA-1 ; LTS GCA-1"
AUT;2;DAUT;ETD AUTONOMISTAS;MEDIA;abreviacao (peso 1);RAUT|ETR AUTONOMISTAS;"LTS AUT-1 ; LTS AUT-2"
BAL;2;DBAL;ETD BELA ALIANCA;ALTA;abreviacao (peso 1);;"LTS BAL-1 ; LTS BAL-2"
BRG;2;DBRG;ETD BRIGADEIRO;ALTA;abreviacao (peso 1);;"LTS BAN-BRG-1 ; LTS BAN-BRG-2"
SUM;2;DSUM;ETD SUMARE;ALTA;abreviacao (peso 1);;"LTS BUT-SUM ; LTS SUM-AUG"
CLE;2;DCLE;ETD CLEMENTINO;MEDIA;abreviacao (peso 1);RCLE|ETR CLEMENTINO / BCLE|EBC CLEMENTINO;"LTS CLE-3 ; LTS CLE-4"
AUG;2;DAUG;ETD AUGUSTA;ALTA;abreviacao (peso 1);;"LTS CTR-AUG ; LTS SUM-AUG"
GJU;2;DGJU;ETD GRANJA JULIETA;ALTA;abreviacao (peso 1);;"LTS GJU-ABV-3 ; LTS GJU-ABV-4"
ABV;2;DABV;ETD ALTO DA BOA VISTA;ALTA;abreviacao (peso 1);;"LTS GJU-ABV-3 ; LTS GJU-ABV-4"
IPR;2;DIPR;ETD IPIRANGA;MEDIA;abreviacao (peso 1);RIPR|ETR IPIRANGA;"LTS IPR-JGL-1 ; LTS IPR-JGL-2"
JGL;2;DJGL;ETD JARDIM DA GLORIA;ALTA;abreviacao (peso 1);;"LTS IPR-JGL-1 ; LTS IPR-JGL-2"
IBP;2;DIBP;ETD IBIRAPUERA;ALTA;abreviacao (peso 1);;"LTS ITA-IBP 1 ; LTS ITA-IBP 2"
OSA;2;DOSA;ETD OSASCO;MEDIA;abreviacao (peso 1);ROSA|ETR OSASCO / BOSA|EBC OSASCO;"LTS MFO-OSA 1 ; LTS MFO-OSA 2"
PPR;2;DPPR;ETD PONTE PRETA;MEDIA;abreviacao (peso 1);RPPR|ETR PONTE PRETA / BPPR|EBC PONTE PRETA;"LTS PPR-1 ; LTS PPR-2"
VME;2;DVME;ETD VILA MEDEIROS;MEDIA;abreviacao (peso 1);RVME|ETR VILA MEDEIROS;"LTS VME-TUC 1 ; LTS VME-TUC 2"
TUC;2;DTUC;ETD TUCURUVI;ALTA;abreviacao (peso 1);;"LTS VME-TUC 1 ; LTS VME-TUC 2"
MON;2;DMON;ETD MONUMENTO;ALTA;abreviacao (peso 1);DMAZ|ETD MONTE AZUL / DMBE|ETD MONTE BELO / DMOC|ETD MONCOES;"LTS WIL-MON-5 ; LTS WIL-MON-6"
ASCE;2;ASCE;ETC ASCENTY;ALTA;abreviacao (peso 0);;"RAC ASCE-1 ; RAC ASCE-2"
BTW;2;;;ABERTO;sem candidato;;"RAC BTW-1 ; RAC BTW-2"
BVM;2;BVMF;ETC BVMF BOVESPA;ALTA;abreviacao (peso 3);;"RAC BVM-1 ; RAC BVM-2"
COFAP;2;COFA;ETC COFAP SANTO ANDRE;ALTA;abreviacao (peso 2);;"RAC COFAP-SND 1 ; RAC COFAP-SND 2"
ELUMA;2;ELUC;ETC ELUMA CAPUAVA;MEDIA;abreviacao (peso 2);ELUT|ETC ELUMA UTINGA;"RAC ELUMA-CAP 1 ; RAC ELUMA-CAP 2"
JSERRANO;2;JSER;ETC JSERRANO;ALTA;abreviacao (peso 2);;"RAC JSERRANO-1 ; RAC JSERRANO-2"
LIBBS;2;LIBB;ETC LIBBS;ALTA;abreviacao (peso 2);;"RAC LIBBS-1 ; RAC LIBBS-2"
BEL;2;RBEL;ETR BELEM;ALTA;abreviacao (peso 1);DBAL|ETD BELA ALIANCA;"RAE BEL-1 ; RAE BEL-2"
BJU;2;DBJU;ETD BOM JESUS;ALTA;abreviacao (peso 1);;"RAE BJU-1 ; RAE BJU-2"
CAC;2;DCAC;ETD CAUCAIA;ALTA;abreviacao (peso 1);;"RAE CAC-1 ; RAE CAC-2"
GVI;2;DGVI;ETD GRANJA VIANA;ALTA;abreviacao (peso 1);;"RAE GVI-1 ; RAE GVI-2"
JAC;2;DJAC;ETD JACANA;MEDIA;abreviacao (peso 1);RJAC|ETR JACANA;"RAE JAC-1 ; RAE JAC-2"
BUT;1;DBUT;ETD BUTANTA;MEDIA;abreviacao (peso 1);OBUT|EOC BUTANTA / IBUT|ETC INSTITUTO BUTANTA;LTS BUT-SUM
BRA;1;DBRA;ETD BRAS;ALTA;abreviacao (peso 1);DBSI|ETD BRASILANDIA / BRAD|ETC BRADESCO;LTS PSO-BRA
TERMOMEC;1;RTER;ETR TERMOMECANICA;MEDIA;abreviacao (peso 3);TER1|ETC TERMOMECANICA I / TER2|ETC TERMOMECANICA II;LTS TERMOMEC-I
I;1;TPRI;ETT PIRITUBA;MEDIA;abreviacao (peso 1);DBAI|ETD BUENOS AIRES / DBSI|ETD BRASILANDIA / DCAI|ETD CANINDE;LTS TERMOMEC-I
ASE;1;DASE;ECD ALDEIA DA SERRA;ALTA;abreviacao (peso 1);ASEA|ETC ASEA BROW BOVERI;RAE ASE-1
PLA;1;DPLA;ECD PARQUE DOS LAGOS;ALTA;abreviacao (peso 1);DPPU|ETD PLANALTO PAULISTA / PLAV|ETC PLAVINIL;RAE PLA-2
